SACC code,Country of birth,Year,Net Migration
1101,Australia,2010,-8130
1102,Norfolk Island,2010,10
1199,"Aust E T, nec",2010,0
1201,New Zealand,2010,29040
1301,New Caledonia,2010,20
1302,PNG,2010,760
1303,Solomon Islands,2010,100
1304,Vanuatu,2010,10
1401,Guam,2010,0
1402,Kiribati,2010,-10
1403,Marshall Is,2010,0
1404,"Micronesia, F S",2010,0
1405,Nauru,2010,-10
1406,N Mariana Is,2010,0
1407,Palau,2010,10
1501,Cook Islands,2010,360
1502,Fiji,2010,1810
1503,French Poly,2010,20
1504,Niue,2010,50
1505,Samoa,2010,1520
1506,Samoa American,2010,30
1507,Tokelau,2010,30
1508,Tonga,2010,600
1511,Tuvalu,2010,-10
1512,Wallis/Futuna,2010,0
1513,Pitcairn Is,2010,0
1599,"Polynesia, nec",2010,0
1601,Adelie Land,2010,0
1602,Argentinian A T,2010,0
1603,Australian A T,2010,0
1604,British A T,2010,0
1605,Chilean A T,2010,0
1606,Queen Maud Land,2010,0
1607,Ross Dependency,2010,0
2100,United Kingdom,2010,24820
2201,Ireland,2010,8660
2301,Austria,2010,40
2302,Belgium,2010,240
2303,France,2010,1890
2304,Germany,2010,1490
2305,Liechtenstein,2010,0
2306,Luxembourg,2010,20
2307,Monaco,2010,0
2308,Netherlands,2010,830
2311,Switzerland,2010,320
2401,Denmark,2010,140
2402,Faroe Islands,2010,0
2403,Finland,2010,150
2404,Greenland,2010,0
2405,Iceland,2010,10
2406,Norway,2010,120
2407,Sweden,2010,350
2408,Aland Islands,2010,0
3101,Andorra,2010,0
3102,Gibraltar,2010,10
3103,Holy See,2010,0
3104,Italy,2010,1530
3105,Malta,2010,70
3106,Portugal,2010,220
3107,San Marino,2010,0
3108,Spain,2010,600
3201,Albania,2010,90
3202,Bosnia/Herzegov,2010,10
3203,Bulgaria,2010,50
3204,Croatia,2010,70
3205,Cyprus,2010,30
3206,North Macedonia,2010,240
3207,Greece,2010,590
3208,Moldova,2010,40
3211,Romania,2010,250
3212,Slovenia,2010,70
3214,Montenegro,2010,0
3215,Serbia,2010,140
3216,Kosovo,2010,10
3301,Belarus,2010,70
3302,Czechia,2010,120
3303,Estonia,2010,360
3304,Hungary,2010,170
3305,Latvia,2010,130
3306,Lithuania,2010,180
3307,Poland,2010,400
3308,Russia,2010,960
3311,Slovakia,2010,90
3312,Ukraine,2010,360
4101,Algeria,2010,20
4102,Egypt,2010,840
4103,Libya,2010,600
4104,Morocco,2010,80
4105,Sudan,2010,530
4106,Tunisia,2010,10
4107,Western Sahara,2010,0
4108,Sp North Africa,2010,0
4111,S. Sudan,2010,0
4201,Bahrain,2010,100
4202,Gaza Str/W Bank,2010,10
4203,Iran,2010,3100
4204,Iraq,2010,3150
4205,Israel,2010,170
4206,Jordan,2010,220
4207,Kuwait,2010,410
4208,Lebanon,2010,920
4211,Oman,2010,0
4212,Qatar,2010,20
4213,Saudi Arabia,2010,70
4214,Syria,2010,370
4215,Turkey,2010,430
4216,Unit Arab Emir,2010,350
4217,Yemen,2010,10
5101,Myanmar,2010,1310
5102,Cambodia,2010,930
5103,Laos,2010,240
5104,Thailand,2010,1540
5105,Vietnam,2010,4780
5201,Brunei,2010,-10
5202,Indonesia,2010,2170
5203,Malaysia,2010,4750
5204,Philippines,2010,9620
5205,Singapore,2010,2460
5206,Timor-Leste,2010,30
6101,China,2010,17680
6102,Hong Kong,2010,810
6103,Macau,2010,60
6104,Mongolia,2010,90
6105,Taiwan,2010,2350
6201,Japan,2010,1270
6202,"Korea, North",2010,-50
6203,"Korea, South",2010,2110
7101,Bangladesh,2010,2080
7102,Bhutan,2010,920
7103,India,2010,9230
7104,Maldives,2010,20
7105,Nepal,2010,740
7106,Pakistan,2010,3830
7107,Sri Lanka,2010,3560
7201,Afghanistan,2010,1940
7202,Armenia,2010,20
7203,Azerbaijan,2010,30
7204,Georgia,2010,10
7205,Kazakhstan,2010,120
7206,Kyrgyzstan,2010,40
7207,Tajikistan,2010,10
7208,Turkmenistan,2010,0
7211,Uzbekistan,2010,70
8101,Bermuda,2010,10
8102,Canada,2010,1890
8103,St Pierre/Mique,2010,0
8104,United States of America,2010,5050
8201,Argentina,2010,160
8202,Bolivia,2010,40
8203,Brazil,2010,560
8204,Chile,2010,390
8205,Colombia,2010,680
8206,Ecuador,2010,70
8207,Falkland Is,2010,0
8208,French Guiana,2010,0
8211,Guyana,2010,20
8212,Paraguay,2010,10
8213,Peru,2010,250
8214,Suriname,2010,10
8215,Uruguay,2010,0
8216,Venezuela,2010,530
8299,"S America, nec",2010,0
8301,Belize,2010,10
8302,Costa Rica,2010,20
8303,El Salvador,2010,70
8304,Guatemala,2010,20
8305,Honduras,2010,0
8306,Mexico,2010,370
8307,Nicaragua,2010,10
8308,Panama,2010,10
8401,Anguilla,2010,0
8402,Antigua/Barbuda,2010,0
8403,Aruba,2010,0
8404,Bahamas,2010,10
8405,Barbados,2010,10
8406,Cayman Islands,2010,10
8407,Cuba,2010,20
8408,Dominica,2010,10
8411,Dominican Rep,2010,20
8412,Grenada,2010,0
8413,Guadeloupe,2010,10
8414,Haiti,2010,0
8415,Jamaica,2010,60
8416,Martinique,2010,10
8417,Montserrat,2010,0
8421,Puerto Rico,2010,0
8422,St Kitts/Nevis,2010,0
8423,St Lucia,2010,0
8424,St Vinc/Grenad,2010,0
8425,Trinidad/Tobago,2010,50
8426,Turks/Caicos Is,2010,0
8427,"Virgin Is, Brit",2010,0
8428,"Virgin Is, US",2010,0
8431,St Barthelemy,2010,0
8432,St Martin (Fr),2010,0
8433,Bonaire/SE/Saba,2010,0
8434,Curacao,2010,10
8435,Sint Maarten Dp,2010,0
9101,Benin,2010,10
9102,Burkina Faso,2010,0
9103,Cameroon,2010,60
9104,Cabo Verde,2010,0
9105,Central African Rep.,2010,0
9106,Chad,2010,10
9107,Congo,2010,80
9108,Dem. Rep. Congo,2010,420
9111,Cote d'Ivoire,2010,30
9112,Equator Guinea,2010,0
9113,Gabon,2010,-10
9114,Gambia,2010,10
9115,Ghana,2010,250
9116,Guinea,2010,70
9117,Guinea-Bissau,2010,0
9118,Liberia,2010,90
9121,Mali,2010,0
9122,Mauritania,2010,0
9123,Niger,2010,10
9124,Nigeria,2010,500
9125,Sao Tome/Princ,2010,0
9126,Senegal,2010,20
9127,Sierra Leone,2010,140
9128,Togo,2010,40
9201,Angola,2010,10
9202,Botswana,2010,0
9203,Burundi,2010,80
9204,Comoros,2010,0
9205,Djibouti,2010,20
9206,Eritrea,2010,180
9207,Ethiopia,2010,700
9208,Kenya,2010,530
9211,Lesotho,2010,0
9212,Madagascar,2010,10
9213,Malawi,2010,60
9214,Mauritius,2010,-30
9215,Mayotte,2010,0
9216,Mozambique,2010,30
9217,Namibia,2010,70
9218,Reunion,2010,0
9221,Rwanda,2010,90
9222,St Helena,2010,0
9223,Seychelles,2010,30
9224,Somalia,2010,450
9225,South Africa,2010,6280
9226,Eswatini,2010,10
9227,Tanzania,2010,130
9228,Uganda,2010,190
9231,Zambia,2010,180
9232,Zimbabwe,2010,980
9299,"S & E Afr, nec",2010,0
0000,Inadequately Described,2010,0
1101,Australia,2011,-7980
1102,Norfolk Island,2011,20
1199,"Aust E T, nec",2011,0
1201,New Zealand,2011,34540
1301,New Caledonia,2011,40
1302,PNG,2011,820
1303,Solomon Islands,2011,90
1304,Vanuatu,2011,60
1401,Guam,2011,0
1402,Kiribati,2011,10
1403,Marshall Is,2011,10
1404,"Micronesia, F S",2011,10
1405,Nauru,2011,10
1406,N Mariana Is,2011,0
1407,Palau,2011,0
1501,Cook Islands,2011,420
1502,Fiji,2011,1910
1503,French Poly,2011,20
1504,Niue,2011,40
1505,Samoa,2011,2150
1506,Samoa American,2011,50
1507,Tokelau,2011,60
1508,Tonga,2011,670
1511,Tuvalu,2011,20
1512,Wallis/Futuna,2011,10
1513,Pitcairn Is,2011,0
1599,"Polynesia, nec",2011,0
1601,Adelie Land,2011,0
1602,Argentinian A T,2011,0
1603,Australian A T,2011,0
1604,British A T,2011,0
1605,Chilean A T,2011,0
1606,Queen Maud Land,2011,0
1607,Ross Dependency,2011,0
2100,United Kingdom,2011,31430
2201,Ireland,2011,12710
2301,Austria,2011,130
2302,Belgium,2011,370
2303,France,2011,2640
2304,Germany,2011,1790
2305,Liechtenstein,2011,0
2306,Luxembourg,2011,10
2307,Monaco,2011,10
2308,Netherlands,2011,910
2311,Switzerland,2011,210
2401,Denmark,2011,210
2402,Faroe Islands,2011,0
2403,Finland,2011,190
2404,Greenland,2011,0
2405,Iceland,2011,0
2406,Norway,2011,80
2407,Sweden,2011,520
2408,Aland Islands,2011,0
3101,Andorra,2011,0
3102,Gibraltar,2011,10
3103,Holy See,2011,0
3104,Italy,2011,2770
3105,Malta,2011,60
3106,Portugal,2011,380
3107,San Marino,2011,0
3108,Spain,2011,1030
3201,Albania,2011,130
3202,Bosnia/Herzegov,2011,80
3203,Bulgaria,2011,90
3204,Croatia,2011,30
3205,Cyprus,2011,100
3206,North Macedonia,2011,290
3207,Greece,2011,1950
3208,Moldova,2011,60
3211,Romania,2011,420
3212,Slovenia,2011,80
3214,Montenegro,2011,20
3215,Serbia,2011,240
3216,Kosovo,2011,30
3301,Belarus,2011,70
3302,Czechia,2011,240
3303,Estonia,2011,450
3304,Hungary,2011,360
3305,Latvia,2011,150
3306,Lithuania,2011,200
3307,Poland,2011,670
3308,Russia,2011,1020
3311,Slovakia,2011,170
3312,Ukraine,2011,550
4101,Algeria,2011,30
4102,Egypt,2011,1060
4103,Libya,2011,30
4104,Morocco,2011,60
4105,Sudan,2011,390
4106,Tunisia,2011,20
4107,Western Sahara,2011,0
4108,Sp North Africa,2011,0
4111,S. Sudan,2011,20
4201,Bahrain,2011,60
4202,Gaza Str/W Bank,2011,0
4203,Iran,2011,3820
4204,Iraq,2011,2110
4205,Israel,2011,240
4206,Jordan,2011,240
4207,Kuwait,2011,520
4208,Lebanon,2011,1370
4211,Oman,2011,30
4212,Qatar,2011,80
4213,Saudi Arabia,2011,-330
4214,Syria,2011,450
4215,Turkey,2011,440
4216,Unit Arab Emir,2011,450
4217,Yemen,2011,10
5101,Myanmar,2011,1960
5102,Cambodia,2011,1050
5103,Laos,2011,160
5104,Thailand,2011,2250
5105,Vietnam,2011,4720
5201,Brunei,2011,-20
5202,Indonesia,2011,2150
5203,Malaysia,2011,5040
5204,Philippines,2011,14550
5205,Singapore,2011,2750
5206,Timor-Leste,2011,80
6101,China,2011,15510
6102,Hong Kong,2011,580
6103,Macau,2011,-60
6104,Mongolia,2011,70
6105,Taiwan,2011,4850
6201,Japan,2011,1730
6202,"Korea, North",2011,-30
6203,"Korea, South",2011,3950
7101,Bangladesh,2011,2310
7102,Bhutan,2011,690
7103,India,2011,18760
7104,Maldives,2011,30
7105,Nepal,2011,2080
7106,Pakistan,2011,5220
7107,Sri Lanka,2011,4580
7201,Afghanistan,2011,1610
7202,Armenia,2011,30
7203,Azerbaijan,2011,30
7204,Georgia,2011,40
7205,Kazakhstan,2011,160
7206,Kyrgyzstan,2011,20
7207,Tajikistan,2011,10
7208,Turkmenistan,2011,10
7211,Uzbekistan,2011,100
8101,Bermuda,2011,30
8102,Canada,2011,2240
8103,St Pierre/Mique,2011,0
8104,United States of America,2011,7010
8201,Argentina,2011,260
8202,Bolivia,2011,40
8203,Brazil,2011,1260
8204,Chile,2011,470
8205,Colombia,2011,1330
8206,Ecuador,2011,80
8207,Falkland Is,2011,0
8208,French Guiana,2011,0
8211,Guyana,2011,20
8212,Paraguay,2011,10
8213,Peru,2011,280
8214,Suriname,2011,10
8215,Uruguay,2011,40
8216,Venezuela,2011,440
8299,"S America, nec",2011,0
8301,Belize,2011,0
8302,Costa Rica,2011,20
8303,El Salvador,2011,60
8304,Guatemala,2011,30
8305,Honduras,2011,10
8306,Mexico,2011,450
8307,Nicaragua,2011,10
8308,Panama,2011,10
8401,Anguilla,2011,0
8402,Antigua/Barbuda,2011,0
8403,Aruba,2011,0
8404,Bahamas,2011,20
8405,Barbados,2011,10
8406,Cayman Islands,2011,10
8407,Cuba,2011,50
8408,Dominica,2011,0
8411,Dominican Rep,2011,10
8412,Grenada,2011,10
8413,Guadeloupe,2011,0
8414,Haiti,2011,0
8415,Jamaica,2011,30
8416,Martinique,2011,0
8417,Montserrat,2011,0
8421,Puerto Rico,2011,0
8422,St Kitts/Nevis,2011,10
8423,St Lucia,2011,10
8424,St Vinc/Grenad,2011,0
8425,Trinidad/Tobago,2011,60
8426,Turks/Caicos Is,2011,0
8427,"Virgin Is, Brit",2011,0
8428,"Virgin Is, US",2011,0
8431,St Barthelemy,2011,0
8432,St Martin (Fr),2011,0
8433,Bonaire/SE/Saba,2011,0
8434,Curacao,2011,0
8435,Sint Maarten Dp,2011,0
9101,Benin,2011,10
9102,Burkina Faso,2011,0
9103,Cameroon,2011,40
9104,Cabo Verde,2011,10
9105,Central African Rep.,2011,0
9106,Chad,2011,0
9107,Congo,2011,180
9108,Dem. Rep. Congo,2011,480
9111,Cote d'Ivoire,2011,40
9112,Equator Guinea,2011,0
9113,Gabon,2011,0
9114,Gambia,2011,10
9115,Ghana,2011,350
9116,Guinea,2011,70
9117,Guinea-Bissau,2011,0
9118,Liberia,2011,150
9121,Mali,2011,10
9122,Mauritania,2011,0
9123,Niger,2011,0
9124,Nigeria,2011,520
9125,Sao Tome/Princ,2011,0
9126,Senegal,2011,0
9127,Sierra Leone,2011,140
9128,Togo,2011,20
9201,Angola,2011,10
9202,Botswana,2011,30
9203,Burundi,2011,80
9204,Comoros,2011,0
9205,Djibouti,2011,20
9206,Eritrea,2011,300
9207,Ethiopia,2011,880
9208,Kenya,2011,590
9211,Lesotho,2011,10
9212,Madagascar,2011,0
9213,Malawi,2011,90
9214,Mauritius,2011,280
9215,Mayotte,2011,0
9216,Mozambique,2011,40
9217,Namibia,2011,70
9218,Reunion,2011,20
9221,Rwanda,2011,80
9222,St Helena,2011,0
9223,Seychelles,2011,30
9224,Somalia,2011,470
9225,South Africa,2011,6950
9226,Eswatini,2011,20
9227,Tanzania,2011,120
9228,Uganda,2011,120
9231,Zambia,2011,220
9232,Zimbabwe,2011,1380
9299,"S & E Afr, nec",2011,0
0000,Inadequately Described,2011,0
1101,Australia,2012,-9840
1102,Norfolk Island,2012,30
1199,"Aust E T, nec",2012,0
1201,New Zealand,2012,24740
1301,New Caledonia,2012,30
1302,PNG,2012,800
1303,Solomon Islands,2012,110
1304,Vanuatu,2012,90
1401,Guam,2012,0
1402,Kiribati,2012,20
1403,Marshall Is,2012,0
1404,"Micronesia, F S",2012,10
1405,Nauru,2012,30
1406,N Mariana Is,2012,0
1407,Palau,2012,0
1501,Cook Islands,2012,430
1502,Fiji,2012,1840
1503,French Poly,2012,30
1504,Niue,2012,60
1505,Samoa,2012,2740
1506,Samoa American,2012,70
1507,Tokelau,2012,50
1508,Tonga,2012,540
1511,Tuvalu,2012,20
1512,Wallis/Futuna,2012,0
1513,Pitcairn Is,2012,0
1599,"Polynesia, nec",2012,0
1601,Adelie Land,2012,0
1602,Argentinian A T,2012,0
1603,Australian A T,2012,0
1604,British A T,2012,0
1605,Chilean A T,2012,0
1606,Queen Maud Land,2012,0
1607,Ross Dependency,2012,0
2100,United Kingdom,2012,25020
2201,Ireland,2012,5660
2301,Austria,2012,90
2302,Belgium,2012,370
2303,France,2012,2470
2304,Germany,2012,1310
2305,Liechtenstein,2012,0
2306,Luxembourg,2012,10
2307,Monaco,2012,10
2308,Netherlands,2012,740
2311,Switzerland,2012,130
2401,Denmark,2012,140
2402,Faroe Islands,2012,0
2403,Finland,2012,130
2404,Greenland,2012,0
2405,Iceland,2012,10
2406,Norway,2012,30
2407,Sweden,2012,470
2408,Aland Islands,2012,0
3101,Andorra,2012,10
3102,Gibraltar,2012,10
3103,Holy See,2012,0
3104,Italy,2012,4470
3105,Malta,2012,10
3106,Portugal,2012,510
3107,San Marino,2012,0
3108,Spain,2012,1100
3201,Albania,2012,190
3202,Bosnia/Herzegov,2012,0
3203,Bulgaria,2012,170
3204,Croatia,2012,100
3205,Cyprus,2012,140
3206,North Macedonia,2012,240
3207,Greece,2012,2160
3208,Moldova,2012,60
3211,Romania,2012,390
3212,Slovenia,2012,100
3214,Montenegro,2012,20
3215,Serbia,2012,270
3216,Kosovo,2012,20
3301,Belarus,2012,90
3302,Czechia,2012,360
3303,Estonia,2012,640
3304,Hungary,2012,450
3305,Latvia,2012,160
3306,Lithuania,2012,220
3307,Poland,2012,700
3308,Russia,2012,1280
3311,Slovakia,2012,250
3312,Ukraine,2012,540
4101,Algeria,2012,70
4102,Egypt,2012,1650
4103,Libya,2012,-100
4104,Morocco,2012,110
4105,Sudan,2012,460
4106,Tunisia,2012,30
4107,Western Sahara,2012,0
4108,Sp North Africa,2012,0
4111,S. Sudan,2012,90
4201,Bahrain,2012,70
4202,Gaza Str/W Bank,2012,0
4203,Iran,2012,5020
4204,Iraq,2012,3620
4205,Israel,2012,240
4206,Jordan,2012,360
4207,Kuwait,2012,310
4208,Lebanon,2012,1450
4211,Oman,2012,70
4212,Qatar,2012,70
4213,Saudi Arabia,2012,-250
4214,Syria,2012,470
4215,Turkey,2012,230
4216,Unit Arab Emir,2012,420
4217,Yemen,2012,10
5101,Myanmar,2012,2190
5102,Cambodia,2012,890
5103,Laos,2012,90
5104,Thailand,2012,3690
5105,Vietnam,2012,7990
5201,Brunei,2012,10
5202,Indonesia,2012,1560
5203,Malaysia,2012,4440
5204,Philippines,2012,14210
5205,Singapore,2012,2270
5206,Timor-Leste,2012,10
6101,China,2012,22580
6102,Hong Kong,2012,1820
6103,Macau,2012,-30
6104,Mongolia,2012,90
6105,Taiwan,2012,7830
6201,Japan,2012,1440
6202,"Korea, North",2012,-20
6203,"Korea, South",2012,4520
7101,Bangladesh,2012,2500
7102,Bhutan,2012,600
7103,India,2012,23670
7104,Maldives,2012,50
7105,Nepal,2012,3180
7106,Pakistan,2012,6250
7107,Sri Lanka,2012,5140
7201,Afghanistan,2012,2480
7202,Armenia,2012,20
7203,Azerbaijan,2012,40
7204,Georgia,2012,60
7205,Kazakhstan,2012,130
7206,Kyrgyzstan,2012,20
7207,Tajikistan,2012,0
7208,Turkmenistan,2012,0
7211,Uzbekistan,2012,90
8101,Bermuda,2012,10
8102,Canada,2012,1550
8103,St Pierre/Mique,2012,0
8104,United States of America,2012,4540
8201,Argentina,2012,520
8202,Bolivia,2012,50
8203,Brazil,2012,1450
8204,Chile,2012,300
8205,Colombia,2012,1570
8206,Ecuador,2012,170
8207,Falkland Is,2012,0
8208,French Guiana,2012,0
8211,Guyana,2012,0
8212,Paraguay,2012,20
8213,Peru,2012,320
8214,Suriname,2012,20
8215,Uruguay,2012,0
8216,Venezuela,2012,370
8299,"S America, nec",2012,0
8301,Belize,2012,10
8302,Costa Rica,2012,-10
8303,El Salvador,2012,50
8304,Guatemala,2012,10
8305,Honduras,2012,20
8306,Mexico,2012,300
8307,Nicaragua,2012,20
8308,Panama,2012,10
8401,Anguilla,2012,0
8402,Antigua/Barbuda,2012,0
8403,Aruba,2012,0
8404,Bahamas,2012,0
8405,Barbados,2012,10
8406,Cayman Islands,2012,10
8407,Cuba,2012,70
8408,Dominica,2012,0
8411,Dominican Rep,2012,-10
8412,Grenada,2012,0
8413,Guadeloupe,2012,10
8414,Haiti,2012,0
8415,Jamaica,2012,50
8416,Martinique,2012,10
8417,Montserrat,2012,0
8421,Puerto Rico,2012,20
8422,St Kitts/Nevis,2012,0
8423,St Lucia,2012,10
8424,St Vinc/Grenad,2012,10
8425,Trinidad/Tobago,2012,70
8426,Turks/Caicos Is,2012,0
8427,"Virgin Is, Brit",2012,0
8428,"Virgin Is, US",2012,0
8431,St Barthelemy,2012,0
8432,St Martin (Fr),2012,0
8433,Bonaire/SE/Saba,2012,0
8434,Curacao,2012,0
8435,Sint Maarten Dp,2012,0
9101,Benin,2012,0
9102,Burkina Faso,2012,0
9103,Cameroon,2012,30
9104,Cabo Verde,2012,10
9105,Central African Rep.,2012,0
9106,Chad,2012,0
9107,Congo,2012,30
9108,Dem. Rep. Congo,2012,290
9111,Cote d'Ivoire,2012,20
9112,Equator Guinea,2012,0
9113,Gabon,2012,10
9114,Gambia,2012,10
9115,Ghana,2012,350
9116,Guinea,2012,40
9117,Guinea-Bissau,2012,0
9118,Liberia,2012,100
9121,Mali,2012,10
9122,Mauritania,2012,0
9123,Niger,2012,10
9124,Nigeria,2012,710
9125,Sao Tome/Princ,2012,0
9126,Senegal,2012,0
9127,Sierra Leone,2012,110
9128,Togo,2012,20
9201,Angola,2012,10
9202,Botswana,2012,60
9203,Burundi,2012,70
9204,Comoros,2012,0
9205,Djibouti,2012,10
9206,Eritrea,2012,160
9207,Ethiopia,2012,540
9208,Kenya,2012,730
9211,Lesotho,2012,0
9212,Madagascar,2012,10
9213,Malawi,2012,50
9214,Mauritius,2012,360
9215,Mayotte,2012,0
9216,Mozambique,2012,30
9217,Namibia,2012,70
9218,Reunion,2012,10
9221,Rwanda,2012,60
9222,St Helena,2012,0
9223,Seychelles,2012,10
9224,Somalia,2012,470
9225,South Africa,2012,5520
9226,Eswatini,2012,10
9227,Tanzania,2012,100
9228,Uganda,2012,140
9231,Zambia,2012,210
9232,Zimbabwe,2012,1180
9299,"S & E Afr, nec",2012,0
0000,Inadequately Described,2012,0
1101,Australia,2013,-19390
1102,Norfolk Island,2013,10
1199,"Aust E T, nec",2013,0
1201,New Zealand,2013,7240
1301,New Caledonia,2013,10
1302,PNG,2013,540
1303,Solomon Islands,2013,50
1304,Vanuatu,2013,20
1401,Guam,2013,0
1402,Kiribati,2013,20
1403,Marshall Is,2013,0
1404,"Micronesia, F S",2013,10
1405,Nauru,2013,-10
1406,N Mariana Is,2013,0
1407,Palau,2013,0
1501,Cook Islands,2013,280
1502,Fiji,2013,1680
1503,French Poly,2013,0
1504,Niue,2013,30
1505,Samoa,2013,1900
1506,Samoa American,2013,30
1507,Tokelau,2013,-10
1508,Tonga,2013,620
1511,Tuvalu,2013,10
1512,Wallis/Futuna,2013,0
1513,Pitcairn Is,2013,0
1599,"Polynesia, nec",2013,0
1601,Adelie Land,2013,0
1602,Argentinian A T,2013,0
1603,Australian A T,2013,0
1604,British A T,2013,0
1605,Chilean A T,2013,0
1606,Queen Maud Land,2013,0
1607,Ross Dependency,2013,0
2100,United Kingdom,2013,12260
2201,Ireland,2013,-1970
2301,Austria,2013,20
2302,Belgium,2013,210
2303,France,2013,1930
2304,Germany,2013,650
2305,Liechtenstein,2013,0
2306,Luxembourg,2013,10
2307,Monaco,2013,10
2308,Netherlands,2013,340
2311,Switzerland,2013,80
2401,Denmark,2013,-10
2402,Faroe Islands,2013,0
2403,Finland,2013,140
2404,Greenland,2013,0
2405,Iceland,2013,20
2406,Norway,2013,10
2407,Sweden,2013,350
2408,Aland Islands,2013,0
3101,Andorra,2013,0
3102,Gibraltar,2013,0
3103,Holy See,2013,0
3104,Italy,2013,3830
3105,Malta,2013,-40
3106,Portugal,2013,320
3107,San Marino,2013,0
3108,Spain,2013,660
3201,Albania,2013,260
3202,Bosnia/Herzegov,2013,-10
3203,Bulgaria,2013,160
3204,Croatia,2013,20
3205,Cyprus,2013,120
3206,North Macedonia,2013,330
3207,Greece,2013,1260
3208,Moldova,2013,50
3211,Romania,2013,290
3212,Slovenia,2013,80
3214,Montenegro,2013,20
3215,Serbia,2013,260
3216,Kosovo,2013,10
3301,Belarus,2013,100
3302,Czechia,2013,310
3303,Estonia,2013,420
3304,Hungary,2013,200
3305,Latvia,2013,110
3306,Lithuania,2013,180
3307,Poland,2013,550
3308,Russia,2013,910
3311,Slovakia,2013,190
3312,Ukraine,2013,550
4101,Algeria,2013,50
4102,Egypt,2013,1150
4103,Libya,2013,-240
4104,Morocco,2013,90
4105,Sudan,2013,310
4106,Tunisia,2013,30
4107,Western Sahara,2013,0
4108,Sp North Africa,2013,0
4111,S. Sudan,2013,130
4201,Bahrain,2013,60
4202,Gaza Str/W Bank,2013,0
4203,Iran,2013,2570
4204,Iraq,2013,4720
4205,Israel,2013,200
4206,Jordan,2013,230
4207,Kuwait,2013,210
4208,Lebanon,2013,1360
4211,Oman,2013,90
4212,Qatar,2013,80
4213,Saudi Arabia,2013,500
4214,Syria,2013,990
4215,Turkey,2013,150
4216,Unit Arab Emir,2013,390
4217,Yemen,2013,20
5101,Myanmar,2013,1600
5102,Cambodia,2013,1130
5103,Laos,2013,140
5104,Thailand,2013,5130
5105,Vietnam,2013,8750
5201,Brunei,2013,-30
5202,Indonesia,2013,1250
5203,Malaysia,2013,3660
5204,Philippines,2013,12830
5205,Singapore,2013,1110
5206,Timor-Leste,2013,60
6101,China,2013,30800
6102,Hong Kong,2013,2010
6103,Macau,2013,-30
6104,Mongolia,2013,260
6105,Taiwan,2013,3780
6201,Japan,2013,1360
6202,"Korea, North",2013,20
6203,"Korea, South",2013,2300
7101,Bangladesh,2013,2440
7102,Bhutan,2013,1210
7103,India,2013,33340
7104,Maldives,2013,30
7105,Nepal,2013,7310
7106,Pakistan,2013,6850
7107,Sri Lanka,2013,3770
7201,Afghanistan,2013,4190
7202,Armenia,2013,50
7203,Azerbaijan,2013,40
7204,Georgia,2013,30
7205,Kazakhstan,2013,100
7206,Kyrgyzstan,2013,20
7207,Tajikistan,2013,20
7208,Turkmenistan,2013,10
7211,Uzbekistan,2013,80
8101,Bermuda,2013,20
8102,Canada,2013,1160
8103,St Pierre/Mique,2013,0
8104,United States of America,2013,2320
8201,Argentina,2013,470
8202,Bolivia,2013,10
8203,Brazil,2013,3560
8204,Chile,2013,210
8205,Colombia,2013,1270
8206,Ecuador,2013,370
8207,Falkland Is,2013,0
8208,French Guiana,2013,0
8211,Guyana,2013,10
8212,Paraguay,2013,0
8213,Peru,2013,190
8214,Suriname,2013,0
8215,Uruguay,2013,30
8216,Venezuela,2013,310
8299,"S America, nec",2013,0
8301,Belize,2013,0
8302,Costa Rica,2013,30
8303,El Salvador,2013,50
8304,Guatemala,2013,40
8305,Honduras,2013,40
8306,Mexico,2013,310
8307,Nicaragua,2013,10
8308,Panama,2013,20
8401,Anguilla,2013,0
8402,Antigua/Barbuda,2013,0
8403,Aruba,2013,0
8404,Bahamas,2013,10
8405,Barbados,2013,0
8406,Cayman Islands,2013,10
8407,Cuba,2013,10
8408,Dominica,2013,0
8411,Dominican Rep,2013,20
8412,Grenada,2013,0
8413,Guadeloupe,2013,0
8414,Haiti,2013,10
8415,Jamaica,2013,30
8416,Martinique,2013,10
8417,Montserrat,2013,0
8421,Puerto Rico,2013,10
8422,St Kitts/Nevis,2013,0
8423,St Lucia,2013,0
8424,St Vinc/Grenad,2013,0
8425,Trinidad/Tobago,2013,70
8426,Turks/Caicos Is,2013,0
8427,"Virgin Is, Brit",2013,0
8428,"Virgin Is, US",2013,0
8431,St Barthelemy,2013,0
8432,St Martin (Fr),2013,0
8433,Bonaire/SE/Saba,2013,0
8434,Curacao,2013,0
8435,Sint Maarten Dp,2013,0
9101,Benin,2013,0
9102,Burkina Faso,2013,0
9103,Cameroon,2013,30
9104,Cabo Verde,2013,0
9105,Central African Rep.,2013,0
9106,Chad,2013,0
9107,Congo,2013,20
9108,Dem. Rep. Congo,2013,550
9111,Cote d'Ivoire,2013,30
9112,Equator Guinea,2013,0
9113,Gabon,2013,0
9114,Gambia,2013,10
9115,Ghana,2013,300
9116,Guinea,2013,60
9117,Guinea-Bissau,2013,0
9118,Liberia,2013,150
9121,Mali,2013,0
9122,Mauritania,2013,0
9123,Niger,2013,10
9124,Nigeria,2013,900
9125,Sao Tome/Princ,2013,0
9126,Senegal,2013,10
9127,Sierra Leone,2013,110
9128,Togo,2013,10
9201,Angola,2013,0
9202,Botswana,2013,20
9203,Burundi,2013,100
9204,Comoros,2013,0
9205,Djibouti,2013,10
9206,Eritrea,2013,290
9207,Ethiopia,2013,780
9208,Kenya,2013,770
9211,Lesotho,2013,10
9212,Madagascar,2013,10
9213,Malawi,2013,50
9214,Mauritius,2013,360
9215,Mayotte,2013,0
9216,Mozambique,2013,10
9217,Namibia,2013,10
9218,Reunion,2013,0
9221,Rwanda,2013,70
9222,St Helena,2013,0
9223,Seychelles,2013,10
9224,Somalia,2013,570
9225,South Africa,2013,3710
9226,Eswatini,2013,-10
9227,Tanzania,2013,70
9228,Uganda,2013,140
9231,Zambia,2013,100
9232,Zimbabwe,2013,940
9299,"S & E Afr, nec",2013,0
0000,Inadequately Described,2013,0
1101,Australia,2014,-23000
1102,Norfolk Island,2014,0
1199,"Aust E T, nec",2014,0
1201,New Zealand,2014,930
1301,New Caledonia,2014,70
1302,PNG,2014,430
1303,Solomon Islands,2014,100
1304,Vanuatu,2014,0
1401,Guam,2014,0
1402,Kiribati,2014,10
1403,Marshall Is,2014,0
1404,"Micronesia, F S",2014,0
1405,Nauru,2014,30
1406,N Mariana Is,2014,0
1407,Palau,2014,0
1501,Cook Islands,2014,160
1502,Fiji,2014,1280
1503,French Poly,2014,-10
1504,Niue,2014,10
1505,Samoa,2014,1520
1506,Samoa American,2014,20
1507,Tokelau,2014,20
1508,Tonga,2014,430
1511,Tuvalu,2014,10
1512,Wallis/Futuna,2014,0
1513,Pitcairn Is,2014,0
1599,"Polynesia, nec",2014,0
1601,Adelie Land,2014,0
1602,Argentinian A T,2014,0
1603,Australian A T,2014,0
1604,British A T,2014,0
1605,Chilean A T,2014,0
1606,Queen Maud Land,2014,0
1607,Ross Dependency,2014,0
2100,United Kingdom,2014,9400
2201,Ireland,2014,-3240
2301,Austria,2014,90
2302,Belgium,2014,230
2303,France,2014,2080
2304,Germany,2014,1240
2305,Liechtenstein,2014,0
2306,Luxembourg,2014,0
2307,Monaco,2014,0
2308,Netherlands,2014,470
2311,Switzerland,2014,200
2401,Denmark,2014,70
2402,Faroe Islands,2014,0
2403,Finland,2014,240
2404,Greenland,2014,0
2405,Iceland,2014,10
2406,Norway,2014,-40
2407,Sweden,2014,310
2408,Aland Islands,2014,0
3101,Andorra,2014,0
3102,Gibraltar,2014,0
3103,Holy See,2014,0
3104,Italy,2014,2580
3105,Malta,2014,-30
3106,Portugal,2014,190
3107,San Marino,2014,0
3108,Spain,2014,630
3201,Albania,2014,200
3202,Bosnia/Herzegov,2014,40
3203,Bulgaria,2014,100
3204,Croatia,2014,50
3205,Cyprus,2014,70
3206,North Macedonia,2014,220
3207,Greece,2014,470
3208,Moldova,2014,50
3211,Romania,2014,220
3212,Slovenia,2014,80
3214,Montenegro,2014,30
3215,Serbia,2014,210
3216,Kosovo,2014,20
3301,Belarus,2014,90
3302,Czechia,2014,250
3303,Estonia,2014,160
3304,Hungary,2014,160
3305,Latvia,2014,100
3306,Lithuania,2014,180
3307,Poland,2014,660
3308,Russia,2014,820
3311,Slovakia,2014,190
3312,Ukraine,2014,600
4101,Algeria,2014,20
4102,Egypt,2014,940
4103,Libya,2014,-30
4104,Morocco,2014,120
4105,Sudan,2014,350
4106,Tunisia,2014,30
4107,Western Sahara,2014,0
4108,Sp North Africa,2014,0
4111,S. Sudan,2014,320
4201,Bahrain,2014,60
4202,Gaza Str/W Bank,2014,0
4203,Iran,2014,2620
4204,Iraq,2014,4110
4205,Israel,2014,150
4206,Jordan,2014,270
4207,Kuwait,2014,240
4208,Lebanon,2014,1420
4211,Oman,2014,180
4212,Qatar,2014,70
4213,Saudi Arabia,2014,140
4214,Syria,2014,2650
4215,Turkey,2014,90
4216,Unit Arab Emir,2014,630
4217,Yemen,2014,20
5101,Myanmar,2014,1830
5102,Cambodia,2014,1080
5103,Laos,2014,110
5104,Thailand,2014,5410
5105,Vietnam,2014,7320
5201,Brunei,2014,50
5202,Indonesia,2014,2490
5203,Malaysia,2014,6680
5204,Philippines,2014,12430
5205,Singapore,2014,1180
5206,Timor-Leste,2014,-20
6101,China,2014,39070
6102,Hong Kong,2014,1820
6103,Macau,2014,70
6104,Mongolia,2014,530
6105,Taiwan,2014,980
6201,Japan,2014,1160
6202,"Korea, North",2014,50
6203,"Korea, South",2014,2960
7101,Bangladesh,2014,2880
7102,Bhutan,2014,650
7103,India,2014,38400
7104,Maldives,2014,60
7105,Nepal,2014,6410
7106,Pakistan,2014,7230
7107,Sri Lanka,2014,4120
7201,Afghanistan,2014,2900
7202,Armenia,2014,30
7203,Azerbaijan,2014,40
7204,Georgia,2014,20
7205,Kazakhstan,2014,120
7206,Kyrgyzstan,2014,30
7207,Tajikistan,2014,10
7208,Turkmenistan,2014,0
7211,Uzbekistan,2014,100
8101,Bermuda,2014,10
8102,Canada,2014,1190
8103,St Pierre/Mique,2014,0
8104,United States of America,2014,2450
8201,Argentina,2014,440
8202,Bolivia,2014,-10
8203,Brazil,2014,2360
8204,Chile,2014,450
8205,Colombia,2014,1610
8206,Ecuador,2014,80
8207,Falkland Is,2014,0
8208,French Guiana,2014,0
8211,Guyana,2014,0
8212,Paraguay,2014,0
8213,Peru,2014,170
8214,Suriname,2014,0
8215,Uruguay,2014,40
8216,Venezuela,2014,540
8299,"S America, nec",2014,0
8301,Belize,2014,-10
8302,Costa Rica,2014,10
8303,El Salvador,2014,30
8304,Guatemala,2014,30
8305,Honduras,2014,10
8306,Mexico,2014,380
8307,Nicaragua,2014,0
8308,Panama,2014,0
8401,Anguilla,2014,0
8402,Antigua/Barbuda,2014,10
8403,Aruba,2014,0
8404,Bahamas,2014,10
8405,Barbados,2014,10
8406,Cayman Islands,2014,10
8407,Cuba,2014,20
8408,Dominica,2014,0
8411,Dominican Rep,2014,10
8412,Grenada,2014,0
8413,Guadeloupe,2014,10
8414,Haiti,2014,0
8415,Jamaica,2014,50
8416,Martinique,2014,0
8417,Montserrat,2014,0
8421,Puerto Rico,2014,0
8422,St Kitts/Nevis,2014,0
8423,St Lucia,2014,0
8424,St Vinc/Grenad,2014,0
8425,Trinidad/Tobago,2014,10
8426,Turks/Caicos Is,2014,0
8427,"Virgin Is, Brit",2014,0
8428,"Virgin Is, US",2014,0
8431,St Barthelemy,2014,0
8432,St Martin (Fr),2014,0
8433,Bonaire/SE/Saba,2014,0
8434,Curacao,2014,0
8435,Sint Maarten Dp,2014,0
9101,Benin,2014,10
9102,Burkina Faso,2014,10
9103,Cameroon,2014,40
9104,Cabo Verde,2014,0
9105,Central African Rep.,2014,0
9106,Chad,2014,0
9107,Congo,2014,20
9108,Dem. Rep. Congo,2014,440
9111,Cote d'Ivoire,2014,30
9112,Equator Guinea,2014,0
9113,Gabon,2014,10
9114,Gambia,2014,20
9115,Ghana,2014,330
9116,Guinea,2014,40
9117,Guinea-Bissau,2014,0
9118,Liberia,2014,60
9121,Mali,2014,0
9122,Mauritania,2014,10
9123,Niger,2014,0
9124,Nigeria,2014,1000
9125,Sao Tome/Princ,2014,0
9126,Senegal,2014,0
9127,Sierra Leone,2014,40
9128,Togo,2014,0
9201,Angola,2014,0
9202,Botswana,2014,0
9203,Burundi,2014,140
9204,Comoros,2014,0
9205,Djibouti,2014,10
9206,Eritrea,2014,410
9207,Ethiopia,2014,820
9208,Kenya,2014,1020
9211,Lesotho,2014,0
9212,Madagascar,2014,0
9213,Malawi,2014,0
9214,Mauritius,2014,480
9215,Mayotte,2014,0
9216,Mozambique,2014,30
9217,Namibia,2014,20
9218,Reunion,2014,10
9221,Rwanda,2014,60
9222,St Helena,2014,0
9223,Seychelles,2014,10
9224,Somalia,2014,470
9225,South Africa,2014,3460
9226,Eswatini,2014,0
9227,Tanzania,2014,90
9228,Uganda,2014,180
9231,Zambia,2014,40
9232,Zimbabwe,2014,870
9299,"S & E Afr, nec",2014,0
0000,Inadequately Described,2014,0
1101,Australia,2015,-21370
1102,Norfolk Island,2015,40
1199,"Aust E T, nec",2015,0
1201,New Zealand,2015,1480
1301,New Caledonia,2015,50
1302,PNG,2015,680
1303,Solomon Islands,2015,80
1304,Vanuatu,2015,30
1401,Guam,2015,0
1402,Kiribati,2015,0
1403,Marshall Is,2015,0
1404,"Micronesia, F S",2015,0
1405,Nauru,2015,20
1406,N Mariana Is,2015,-10
1407,Palau,2015,0
1501,Cook Islands,2015,140
1502,Fiji,2015,1250
1503,French Poly,2015,20
1504,Niue,2015,30
1505,Samoa,2015,1640
1506,Samoa American,2015,40
1507,Tokelau,2015,10
1508,Tonga,2015,340
1511,Tuvalu,2015,0
1512,Wallis/Futuna,2015,0
1513,Pitcairn Is,2015,0
1599,"Polynesia, nec",2015,0
1601,Adelie Land,2015,0
1602,Argentinian A T,2015,0
1603,Australian A T,2015,0
1604,British A T,2015,0
1605,Chilean A T,2015,0
1606,Queen Maud Land,2015,0
1607,Ross Dependency,2015,0
2100,United Kingdom,2015,9140
2201,Ireland,2015,-2240
2301,Austria,2015,20
2302,Belgium,2015,220
2303,France,2015,1320
2304,Germany,2015,650
2305,Liechtenstein,2015,0
2306,Luxembourg,2015,20
2307,Monaco,2015,10
2308,Netherlands,2015,450
2311,Switzerland,2015,160
2401,Denmark,2015,100
2402,Faroe Islands,2015,0
2403,Finland,2015,90
2404,Greenland,2015,0
2405,Iceland,2015,-10
2406,Norway,2015,60
2407,Sweden,2015,280
2408,Aland Islands,2015,0
3101,Andorra,2015,10
3102,Gibraltar,2015,10
3103,Holy See,2015,0
3104,Italy,2015,1550
3105,Malta,2015,-20
3106,Portugal,2015,200
3107,San Marino,2015,0
3108,Spain,2015,600
3201,Albania,2015,140
3202,Bosnia/Herzegov,2015,40
3203,Bulgaria,2015,130
3204,Croatia,2015,-30
3205,Cyprus,2015,-10
3206,North Macedonia,2015,270
3207,Greece,2015,580
3208,Moldova,2015,30
3211,Romania,2015,160
3212,Slovenia,2015,70
3214,Montenegro,2015,10
3215,Serbia,2015,130
3216,Kosovo,2015,30
3301,Belarus,2015,70
3302,Czechia,2015,200
3303,Estonia,2015,160
3304,Hungary,2015,250
3305,Latvia,2015,70
3306,Lithuania,2015,190
3307,Poland,2015,550
3308,Russia,2015,650
3311,Slovakia,2015,90
3312,Ukraine,2015,410
4101,Algeria,2015,40
4102,Egypt,2015,1100
4103,Libya,2015,30
4104,Morocco,2015,100
4105,Sudan,2015,340
4106,Tunisia,2015,30
4107,Western Sahara,2015,0
4108,Sp North Africa,2015,0
4111,S. Sudan,2015,210
4201,Bahrain,2015,80
4202,Gaza Str/W Bank,2015,10
4203,Iran,2015,2460
4204,Iraq,2015,3500
4205,Israel,2015,230
4206,Jordan,2015,410
4207,Kuwait,2015,190
4208,Lebanon,2015,1020
4211,Oman,2015,300
4212,Qatar,2015,130
4213,Saudi Arabia,2015,-440
4214,Syria,2015,2150
4215,Turkey,2015,490
4216,Unit Arab Emir,2015,920
4217,Yemen,2015,50
5101,Myanmar,2015,1880
5102,Cambodia,2015,1210
5103,Laos,2015,130
5104,Thailand,2015,5580
5105,Vietnam,2015,7830
5201,Brunei,2015,100
5202,Indonesia,2015,2830
5203,Malaysia,2015,12100
5204,Philippines,2015,13000
5205,Singapore,2015,540
5206,Timor-Leste,2015,-30
6101,China,2015,45480
6102,Hong Kong,2015,1800
6103,Macau,2015,100
6104,Mongolia,2015,780
6105,Taiwan,2015,1890
6201,Japan,2015,1340
6202,"Korea, North",2015,20
6203,"Korea, South",2015,3270
7101,Bangladesh,2015,2830
7102,Bhutan,2015,560
7103,India,2015,40860
7104,Maldives,2015,0
7105,Nepal,2015,7970
7106,Pakistan,2015,6730
7107,Sri Lanka,2015,4200
7201,Afghanistan,2015,2760
7202,Armenia,2015,30
7203,Azerbaijan,2015,30
7204,Georgia,2015,40
7205,Kazakhstan,2015,80
7206,Kyrgyzstan,2015,30
7207,Tajikistan,2015,0
7208,Turkmenistan,2015,10
7211,Uzbekistan,2015,80
8101,Bermuda,2015,0
8102,Canada,2015,1110
8103,St Pierre/Mique,2015,0
8104,United States of America,2015,1540
8201,Argentina,2015,510
8202,Bolivia,2015,10
8203,Brazil,2015,5830
8204,Chile,2015,800
8205,Colombia,2015,2610
8206,Ecuador,2015,-120
8207,Falkland Is,2015,0
8208,French Guiana,2015,0
8211,Guyana,2015,10
8212,Paraguay,2015,10
8213,Peru,2015,180
8214,Suriname,2015,-10
8215,Uruguay,2015,50
8216,Venezuela,2015,660
8299,"S America, nec",2015,0
8301,Belize,2015,0
8302,Costa Rica,2015,30
8303,El Salvador,2015,40
8304,Guatemala,2015,0
8305,Honduras,2015,-20
8306,Mexico,2015,480
8307,Nicaragua,2015,10
8308,Panama,2015,10
8401,Anguilla,2015,0
8402,Antigua/Barbuda,2015,0
8403,Aruba,2015,0
8404,Bahamas,2015,10
8405,Barbados,2015,10
8406,Cayman Islands,2015,10
8407,Cuba,2015,20
8408,Dominica,2015,0
8411,Dominican Rep,2015,0
8412,Grenada,2015,0
8413,Guadeloupe,2015,10
8414,Haiti,2015,0
8415,Jamaica,2015,0
8416,Martinique,2015,10
8417,Montserrat,2015,0
8421,Puerto Rico,2015,10
8422,St Kitts/Nevis,2015,0
8423,St Lucia,2015,0
8424,St Vinc/Grenad,2015,0
8425,Trinidad/Tobago,2015,-10
8426,Turks/Caicos Is,2015,0
8427,"Virgin Is, Brit",2015,0
8428,"Virgin Is, US",2015,0
8431,St Barthelemy,2015,0
8432,St Martin (Fr),2015,0
8433,Bonaire/SE/Saba,2015,0
8434,Curacao,2015,0
8435,Sint Maarten Dp,2015,0
9101,Benin,2015,0
9102,Burkina Faso,2015,0
9103,Cameroon,2015,30
9104,Cabo Verde,2015,0
9105,Central African Rep.,2015,0
9106,Chad,2015,0
9107,Congo,2015,30
9108,Dem. Rep. Congo,2015,630
9111,Cote d'Ivoire,2015,0
9112,Equator Guinea,2015,0
9113,Gabon,2015,10
9114,Gambia,2015,0
9115,Ghana,2015,370
9116,Guinea,2015,20
9117,Guinea-Bissau,2015,0
9118,Liberia,2015,50
9121,Mali,2015,0
9122,Mauritania,2015,0
9123,Niger,2015,0
9124,Nigeria,2015,1420
9125,Sao Tome/Princ,2015,0
9126,Senegal,2015,10
9127,Sierra Leone,2015,30
9128,Togo,2015,0
9201,Angola,2015,10
9202,Botswana,2015,30
9203,Burundi,2015,110
9204,Comoros,2015,0
9205,Djibouti,2015,10
9206,Eritrea,2015,410
9207,Ethiopia,2015,760
9208,Kenya,2015,1190
9211,Lesotho,2015,-10
9212,Madagascar,2015,10
9213,Malawi,2015,60
9214,Mauritius,2015,540
9215,Mayotte,2015,0
9216,Mozambique,2015,10
9217,Namibia,2015,60
9218,Reunion,2015,20
9221,Rwanda,2015,60
9222,St Helena,2015,0
9223,Seychelles,2015,0
9224,Somalia,2015,560
9225,South Africa,2015,4080
9226,Eswatini,2015,-10
9227,Tanzania,2015,50
9228,Uganda,2015,170
9231,Zambia,2015,70
9232,Zimbabwe,2015,1090
9299,"S & E Afr, nec",2015,0
0000,Inadequately Described,2015,0
1101,Australia,2016,-15870
1102,Norfolk Island,2016,70
1199,"Aust E T, nec",2016,0
1201,New Zealand,2016,1850
1301,New Caledonia,2016,50
1302,PNG,2016,520
1303,Solomon Islands,2016,80
1304,Vanuatu,2016,40
1401,Guam,2016,0
1402,Kiribati,2016,40
1403,Marshall Is,2016,0
1404,"Micronesia, F S",2016,-10
1405,Nauru,2016,10
1406,N Mariana Is,2016,0
1407,Palau,2016,-10
1501,Cook Islands,2016,40
1502,Fiji,2016,1470
1503,French Poly,2016,10
1504,Niue,2016,20
1505,Samoa,2016,1800
1506,Samoa American,2016,20
1507,Tokelau,2016,10
1508,Tonga,2016,410
1511,Tuvalu,2016,10
1512,Wallis/Futuna,2016,0
1513,Pitcairn Is,2016,0
1599,"Polynesia, nec",2016,10
1601,Adelie Land,2016,0
1602,Argentinian A T,2016,0
1603,Australian A T,2016,0
1604,British A T,2016,0
1605,Chilean A T,2016,0
1606,Queen Maud Land,2016,0
1607,Ross Dependency,2016,0
2100,United Kingdom,2016,10460
2201,Ireland,2016,-420
2301,Austria,2016,40
2302,Belgium,2016,190
2303,France,2016,1150
2304,Germany,2016,1250
2305,Liechtenstein,2016,0
2306,Luxembourg,2016,20
2307,Monaco,2016,0
2308,Netherlands,2016,590
2311,Switzerland,2016,150
2401,Denmark,2016,90
2402,Faroe Islands,2016,0
2403,Finland,2016,180
2404,Greenland,2016,0
2405,Iceland,2016,10
2406,Norway,2016,30
2407,Sweden,2016,50
2408,Aland Islands,2016,0
3101,Andorra,2016,0
3102,Gibraltar,2016,0
3103,Holy See,2016,0
3104,Italy,2016,1000
3105,Malta,2016,10
3106,Portugal,2016,110
3107,San Marino,2016,0
3108,Spain,2016,620
3201,Albania,2016,150
3202,Bosnia/Herzegov,2016,20
3203,Bulgaria,2016,70
3204,Croatia,2016,30
3205,Cyprus,2016,20
3206,North Macedonia,2016,320
3207,Greece,2016,370
3208,Moldova,2016,40
3211,Romania,2016,170
3212,Slovenia,2016,50
3214,Montenegro,2016,10
3215,Serbia,2016,220
3216,Kosovo,2016,30
3301,Belarus,2016,70
3302,Czechia,2016,170
3303,Estonia,2016,260
3304,Hungary,2016,200
3305,Latvia,2016,100
3306,Lithuania,2016,230
3307,Poland,2016,710
3308,Russia,2016,880
3311,Slovakia,2016,120
3312,Ukraine,2016,460
4101,Algeria,2016,30
4102,Egypt,2016,1140
4103,Libya,2016,10
4104,Morocco,2016,100
4105,Sudan,2016,410
4106,Tunisia,2016,30
4107,Western Sahara,2016,0
4108,Sp North Africa,2016,0
4111,S. Sudan,2016,410
4201,Bahrain,2016,90
4202,Gaza Str/W Bank,2016,10
4203,Iran,2016,3000
4204,Iraq,2016,9840
4205,Israel,2016,420
4206,Jordan,2016,500
4207,Kuwait,2016,270
4208,Lebanon,2016,1270
4211,Oman,2016,250
4212,Qatar,2016,140
4213,Saudi Arabia,2016,-190
4214,Syria,2016,8180
4215,Turkey,2016,940
4216,Unit Arab Emir,2016,1150
4217,Yemen,2016,70
5101,Myanmar,2016,1590
5102,Cambodia,2016,1230
5103,Laos,2016,160
5104,Thailand,2016,5040
5105,Vietnam,2016,8120
5201,Brunei,2016,100
5202,Indonesia,2016,3840
5203,Malaysia,2016,12180
5204,Philippines,2016,13590
5205,Singapore,2016,2220
5206,Timor-Leste,2016,20
6101,China,2016,50020
6102,Hong Kong,2016,1960
6103,Macau,2016,130
6104,Mongolia,2016,1030
6105,Taiwan,2016,2110
6201,Japan,2016,1050
6202,"Korea, North",2016,10
6203,"Korea, South",2016,3330
7101,Bangladesh,2016,2940
7102,Bhutan,2016,1000
7103,India,2016,49730
7104,Maldives,2016,0
7105,Nepal,2016,14880
7106,Pakistan,2016,6990
7107,Sri Lanka,2016,5510
7201,Afghanistan,2016,2970
7202,Armenia,2016,30
7203,Azerbaijan,2016,20
7204,Georgia,2016,20
7205,Kazakhstan,2016,120
7206,Kyrgyzstan,2016,30
7207,Tajikistan,2016,0
7208,Turkmenistan,2016,10
7211,Uzbekistan,2016,90
8101,Bermuda,2016,10
8102,Canada,2016,1040
8103,St Pierre/Mique,2016,0
8104,United States of America,2016,2750
8201,Argentina,2016,650
8202,Bolivia,2016,30
8203,Brazil,2016,7510
8204,Chile,2016,980
8205,Colombia,2016,3690
8206,Ecuador,2016,20
8207,Falkland Is,2016,0
8208,French Guiana,2016,10
8211,Guyana,2016,-10
8212,Paraguay,2016,60
8213,Peru,2016,270
8214,Suriname,2016,10
8215,Uruguay,2016,120
8216,Venezuela,2016,580
8299,"S America, nec",2016,0
8301,Belize,2016,0
8302,Costa Rica,2016,20
8303,El Salvador,2016,40
8304,Guatemala,2016,20
8305,Honduras,2016,10
8306,Mexico,2016,460
8307,Nicaragua,2016,10
8308,Panama,2016,10
8401,Anguilla,2016,0
8402,Antigua/Barbuda,2016,0
8403,Aruba,2016,0
8404,Bahamas,2016,0
8405,Barbados,2016,10
8406,Cayman Islands,2016,10
8407,Cuba,2016,30
8408,Dominica,2016,0
8411,Dominican Rep,2016,20
8412,Grenada,2016,0
8413,Guadeloupe,2016,0
8414,Haiti,2016,10
8415,Jamaica,2016,40
8416,Martinique,2016,0
8417,Montserrat,2016,0
8421,Puerto Rico,2016,10
8422,St Kitts/Nevis,2016,0
8423,St Lucia,2016,0
8424,St Vinc/Grenad,2016,0
8425,Trinidad/Tobago,2016,0
8426,Turks/Caicos Is,2016,0
8427,"Virgin Is, Brit",2016,0
8428,"Virgin Is, US",2016,0
8431,St Barthelemy,2016,0
8432,St Martin (Fr),2016,0
8433,Bonaire/SE/Saba,2016,0
8434,Curacao,2016,0
8435,Sint Maarten Dp,2016,0
9101,Benin,2016,0
9102,Burkina Faso,2016,0
9103,Cameroon,2016,30
9104,Cabo Verde,2016,0
9105,Central African Rep.,2016,0
9106,Chad,2016,0
9107,Congo,2016,50
9108,Dem. Rep. Congo,2016,340
9111,Cote d'Ivoire,2016,40
9112,Equator Guinea,2016,0
9113,Gabon,2016,10
9114,Gambia,2016,0
9115,Ghana,2016,390
9116,Guinea,2016,90
9117,Guinea-Bissau,2016,0
9118,Liberia,2016,120
9121,Mali,2016,0
9122,Mauritania,2016,0
9123,Niger,2016,10
9124,Nigeria,2016,1680
9125,Sao Tome/Princ,2016,0
9126,Senegal,2016,0
9127,Sierra Leone,2016,100
9128,Togo,2016,10
9201,Angola,2016,0
9202,Botswana,2016,60
9203,Burundi,2016,90
9204,Comoros,2016,0
9205,Djibouti,2016,0
9206,Eritrea,2016,340
9207,Ethiopia,2016,840
9208,Kenya,2016,1790
9211,Lesotho,2016,0
9212,Madagascar,2016,10
9213,Malawi,2016,50
9214,Mauritius,2016,530
9215,Mayotte,2016,0
9216,Mozambique,2016,20
9217,Namibia,2016,50
9218,Reunion,2016,30
9221,Rwanda,2016,50
9222,St Helena,2016,0
9223,Seychelles,2016,20
9224,Somalia,2016,240
9225,South Africa,2016,5580
9226,Eswatini,2016,0
9227,Tanzania,2016,120
9228,Uganda,2016,150
9231,Zambia,2016,110
9232,Zimbabwe,2016,1150
9299,"S & E Afr, nec",2016,0
0000,Inadequately Described,2016,0
1101,Australia,2017,-15500
1102,Norfolk Island,2017,10
1199,"Aust E T, nec",2017,0
1201,New Zealand,2017,3010
1301,New Caledonia,2017,-10
1302,PNG,2017,270
1303,Solomon Islands,2017,70
1304,Vanuatu,2017,0
1401,Guam,2017,0
1402,Kiribati,2017,80
1403,Marshall Is,2017,-10
1404,"Micronesia, F S",2017,0
1405,Nauru,2017,-20
1406,N Mariana Is,2017,0
1407,Palau,2017,0
1501,Cook Islands,2017,20
1502,Fiji,2017,1400
1503,French Poly,2017,20
1504,Niue,2017,10
1505,Samoa,2017,1400
1506,Samoa American,2017,20
1507,Tokelau,2017,0
1508,Tonga,2017,460
1511,Tuvalu,2017,20
1512,Wallis/Futuna,2017,0
1513,Pitcairn Is,2017,0
1599,"Polynesia, nec",2017,0
1601,Adelie Land,2017,0
1602,Argentinian A T,2017,0
1603,Australian A T,2017,0
1604,British A T,2017,0
1605,Chilean A T,2017,0
1606,Queen Maud Land,2017,0
1607,Ross Dependency,2017,0
2100,United Kingdom,2017,7830
2201,Ireland,2017,590
2301,Austria,2017,10
2302,Belgium,2017,280
2303,France,2017,1220
2304,Germany,2017,490
2305,Liechtenstein,2017,0
2306,Luxembourg,2017,10
2307,Monaco,2017,0
2308,Netherlands,2017,430
2311,Switzerland,2017,60
2401,Denmark,2017,-10
2402,Faroe Islands,2017,0
2403,Finland,2017,20
2404,Greenland,2017,10
2405,Iceland,2017,0
2406,Norway,2017,80
2407,Sweden,2017,100
2408,Aland Islands,2017,0
3101,Andorra,2017,0
3102,Gibraltar,2017,10
3103,Holy See,2017,0
3104,Italy,2017,350
3105,Malta,2017,20
3106,Portugal,2017,80
3107,San Marino,2017,0
3108,Spain,2017,590
3201,Albania,2017,130
3202,Bosnia/Herzegov,2017,20
3203,Bulgaria,2017,100
3204,Croatia,2017,-80
3205,Cyprus,2017,-30
3206,North Macedonia,2017,260
3207,Greece,2017,50
3208,Moldova,2017,20
3211,Romania,2017,150
3212,Slovenia,2017,10
3214,Montenegro,2017,10
3215,Serbia,2017,120
3216,Kosovo,2017,10
3301,Belarus,2017,70
3302,Czechia,2017,-20
3303,Estonia,2017,270
3304,Hungary,2017,60
3305,Latvia,2017,30
3306,Lithuania,2017,170
3307,Poland,2017,440
3308,Russia,2017,760
3311,Slovakia,2017,10
3312,Ukraine,2017,440
4101,Algeria,2017,40
4102,Egypt,2017,1150
4103,Libya,2017,30
4104,Morocco,2017,80
4105,Sudan,2017,350
4106,Tunisia,2017,30
4107,Western Sahara,2017,0
4108,Sp North Africa,2017,0
4111,S. Sudan,2017,200
4201,Bahrain,2017,70
4202,Gaza Str/W Bank,2017,10
4203,Iran,2017,2680
4204,Iraq,2017,3730
4205,Israel,2017,160
4206,Jordan,2017,400
4207,Kuwait,2017,70
4208,Lebanon,2017,1330
4211,Oman,2017,80
4212,Qatar,2017,230
4213,Saudi Arabia,2017,80
4214,Syria,2017,3190
4215,Turkey,2017,790
4216,Unit Arab Emir,2017,1220
4217,Yemen,2017,80
5101,Myanmar,2017,1580
5102,Cambodia,2017,1530
5103,Laos,2017,190
5104,Thailand,2017,2580
5105,Vietnam,2017,7250
5201,Brunei,2017,40
5202,Indonesia,2017,3370
5203,Malaysia,2017,9590
5204,Philippines,2017,12620
5205,Singapore,2017,660
5206,Timor-Leste,2017,-20
6101,China,2017,44610
6102,Hong Kong,2017,1290
6103,Macau,2017,40
6104,Mongolia,2017,1220
6105,Taiwan,2017,2620
6201,Japan,2017,-350
6202,"Korea, North",2017,-10
6203,"Korea, South",2017,1930
7101,Bangladesh,2017,2910
7102,Bhutan,2017,1630
7103,India,2017,55860
7104,Maldives,2017,10
7105,Nepal,2017,21000
7106,Pakistan,2017,7840
7107,Sri Lanka,2017,5480
7201,Afghanistan,2017,3320
7202,Armenia,2017,20
7203,Azerbaijan,2017,40
7204,Georgia,2017,40
7205,Kazakhstan,2017,100
7206,Kyrgyzstan,2017,10
7207,Tajikistan,2017,0
7208,Turkmenistan,2017,10
7211,Uzbekistan,2017,80
8101,Bermuda,2017,10
8102,Canada,2017,800
8103,St Pierre/Mique,2017,0
8104,United States of America,2017,930
8201,Argentina,2017,880
8202,Bolivia,2017,30
8203,Brazil,2017,6260
8204,Chile,2017,1210
8205,Colombia,2017,3650
8206,Ecuador,2017,50
8207,Falkland Is,2017,0
8208,French Guiana,2017,0
8211,Guyana,2017,0
8212,Paraguay,2017,10
8213,Peru,2017,440
8214,Suriname,2017,0
8215,Uruguay,2017,120
8216,Venezuela,2017,60
8299,"S America, nec",2017,0
8301,Belize,2017,0
8302,Costa Rica,2017,20
8303,El Salvador,2017,60
8304,Guatemala,2017,20
8305,Honduras,2017,0
8306,Mexico,2017,460
8307,Nicaragua,2017,10
8308,Panama,2017,0
8401,Anguilla,2017,0
8402,Antigua/Barbuda,2017,0
8403,Aruba,2017,0
8404,Bahamas,2017,0
8405,Barbados,2017,0
8406,Cayman Islands,2017,0
8407,Cuba,2017,30
8408,Dominica,2017,0
8411,Dominican Rep,2017,20
8412,Grenada,2017,0
8413,Guadeloupe,2017,0
8414,Haiti,2017,10
8415,Jamaica,2017,20
8416,Martinique,2017,0
8417,Montserrat,2017,0
8421,Puerto Rico,2017,10
8422,St Kitts/Nevis,2017,0
8423,St Lucia,2017,0
8424,St Vinc/Grenad,2017,0
8425,Trinidad/Tobago,2017,30
8426,Turks/Caicos Is,2017,0
8427,"Virgin Is, Brit",2017,0
8428,"Virgin Is, US",2017,0
8431,St Barthelemy,2017,0
8432,St Martin (Fr),2017,0
8433,Bonaire/SE/Saba,2017,0
8434,Curacao,2017,0
8435,Sint Maarten Dp,2017,10
9101,Benin,2017,0
9102,Burkina Faso,2017,0
9103,Cameroon,2017,30
9104,Cabo Verde,2017,0
9105,Central African Rep.,2017,0
9106,Chad,2017,0
9107,Congo,2017,40
9108,Dem. Rep. Congo,2017,620
9111,Cote d'Ivoire,2017,0
9112,Equator Guinea,2017,0
9113,Gabon,2017,-10
9114,Gambia,2017,10
9115,Ghana,2017,360
9116,Guinea,2017,30
9117,Guinea-Bissau,2017,0
9118,Liberia,2017,50
9121,Mali,2017,0
9122,Mauritania,2017,0
9123,Niger,2017,0
9124,Nigeria,2017,1120
9125,Sao Tome/Princ,2017,0
9126,Senegal,2017,20
9127,Sierra Leone,2017,160
9128,Togo,2017,0
9201,Angola,2017,0
9202,Botswana,2017,70
9203,Burundi,2017,190
9204,Comoros,2017,0
9205,Djibouti,2017,0
9206,Eritrea,2017,380
9207,Ethiopia,2017,640
9208,Kenya,2017,1340
9211,Lesotho,2017,0
9212,Madagascar,2017,20
9213,Malawi,2017,40
9214,Mauritius,2017,330
9215,Mayotte,2017,0
9216,Mozambique,2017,20
9217,Namibia,2017,40
9218,Reunion,2017,-10
9221,Rwanda,2017,40
9222,St Helena,2017,0
9223,Seychelles,2017,-10
9224,Somalia,2017,140
9225,South Africa,2017,4680
9226,Eswatini,2017,20
9227,Tanzania,2017,60
9228,Uganda,2017,200
9231,Zambia,2017,90
9232,Zimbabwe,2017,860
9299,"S & E Afr, nec",2017,0
0000,Inadequately Described,2017,0
1101,Australia,2018,-12360
1102,Norfolk Island,2018,0
1199,"Aust E T, nec",2018,0
1201,New Zealand,2018,3330
1301,New Caledonia,2018,0
1302,PNG,2018,310
1303,Solomon Islands,2018,50
1304,Vanuatu,2018,230
1401,Guam,2018,10
1402,Kiribati,2018,50
1403,Marshall Is,2018,0
1404,"Micronesia, F S",2018,0
1405,Nauru,2018,60
1406,N Mariana Is,2018,0
1407,Palau,2018,0
1501,Cook Islands,2018,70
1502,Fiji,2018,2240
1503,French Poly,2018,0
1504,Niue,2018,10
1505,Samoa,2018,1260
1506,Samoa American,2018,20
1507,Tokelau,2018,10
1508,Tonga,2018,720
1511,Tuvalu,2018,30
1512,Wallis/Futuna,2018,0
1513,Pitcairn Is,2018,0
1599,"Polynesia, nec",2018,0
1601,Adelie Land,2018,0
1602,Argentinian A T,2018,0
1603,Australian A T,2018,0
1604,British A T,2018,0
1605,Chilean A T,2018,0
1606,Queen Maud Land,2018,0
1607,Ross Dependency,2018,0
2100,United Kingdom,2018,7440
2201,Ireland,2018,840
2301,Austria,2018,50
2302,Belgium,2018,120
2303,France,2018,960
2304,Germany,2018,-50
2305,Liechtenstein,2018,0
2306,Luxembourg,2018,10
2307,Monaco,2018,0
2308,Netherlands,2018,40
2311,Switzerland,2018,30
2401,Denmark,2018,-10
2402,Faroe Islands,2018,0
2403,Finland,2018,0
2404,Greenland,2018,0
2405,Iceland,2018,10
2406,Norway,2018,-80
2407,Sweden,2018,30
2408,Aland Islands,2018,0
3101,Andorra,2018,10
3102,Gibraltar,2018,0
3103,Holy See,2018,0
3104,Italy,2018,220
3105,Malta,2018,20
3106,Portugal,2018,10
3107,San Marino,2018,0
3108,Spain,2018,530
3201,Albania,2018,90
3202,Bosnia/Herzegov,2018,-20
3203,Bulgaria,2018,40
3204,Croatia,2018,-20
3205,Cyprus,2018,-10
3206,North Macedonia,2018,190
3207,Greece,2018,-150
3208,Moldova,2018,40
3211,Romania,2018,110
3212,Slovenia,2018,20
3214,Montenegro,2018,10
3215,Serbia,2018,120
3216,Kosovo,2018,0
3301,Belarus,2018,60
3302,Czechia,2018,0
3303,Estonia,2018,90
3304,Hungary,2018,0
3305,Latvia,2018,50
3306,Lithuania,2018,100
3307,Poland,2018,220
3308,Russia,2018,640
3311,Slovakia,2018,-10
3312,Ukraine,2018,390
4101,Algeria,2018,50
4102,Egypt,2018,1170
4103,Libya,2018,30
4104,Morocco,2018,90
4105,Sudan,2018,180
4106,Tunisia,2018,20
4107,Western Sahara,2018,0
4108,Sp North Africa,2018,0
4111,S. Sudan,2018,90
4201,Bahrain,2018,90
4202,Gaza Str/W Bank,2018,0
4203,Iran,2018,3440
4204,Iraq,2018,6130
4205,Israel,2018,100
4206,Jordan,2018,350
4207,Kuwait,2018,100
4208,Lebanon,2018,1390
4211,Oman,2018,40
4212,Qatar,2018,220
4213,Saudi Arabia,2018,1690
4214,Syria,2018,2210
4215,Turkey,2018,860
4216,Unit Arab Emir,2018,1210
4217,Yemen,2018,100
5101,Myanmar,2018,2480
5102,Cambodia,2018,1420
5103,Laos,2018,170
5104,Thailand,2018,3180
5105,Vietnam,2018,7880
5201,Brunei,2018,0
5202,Indonesia,2018,3860
5203,Malaysia,2018,3230
5204,Philippines,2018,18400
5205,Singapore,2018,440
5206,Timor-Leste,2018,60
6101,China,2018,20170
6102,Hong Kong,2018,1830
6103,Macau,2018,100
6104,Mongolia,2018,1550
6105,Taiwan,2018,-130
6201,Japan,2018,-320
6202,"Korea, North",2018,-30
6203,"Korea, South",2018,-150
7101,Bangladesh,2018,2590
7102,Bhutan,2018,1930
7103,India,2018,73190
7104,Maldives,2018,0
7105,Nepal,2018,24060
7106,Pakistan,2018,7510
7107,Sri Lanka,2018,6980
7201,Afghanistan,2018,3040
7202,Armenia,2018,10
7203,Azerbaijan,2018,20
7204,Georgia,2018,30
7205,Kazakhstan,2018,110
7206,Kyrgyzstan,2018,50
7207,Tajikistan,2018,20
7208,Turkmenistan,2018,10
7211,Uzbekistan,2018,90
8101,Bermuda,2018,0
8102,Canada,2018,980
8103,St Pierre/Mique,2018,0
8104,United States of America,2018,620
8201,Argentina,2018,1710
8202,Bolivia,2018,50
8203,Brazil,2018,4510
8204,Chile,2018,1290
8205,Colombia,2018,4950
8206,Ecuador,2018,60
8207,Falkland Is,2018,0
8208,French Guiana,2018,0
8211,Guyana,2018,10
8212,Paraguay,2018,10
8213,Peru,2018,410
8214,Suriname,2018,0
8215,Uruguay,2018,200
8216,Venezuela,2018,110
8299,"S America, nec",2018,0
8301,Belize,2018,0
8302,Costa Rica,2018,40
8303,El Salvador,2018,40
8304,Guatemala,2018,40
8305,Honduras,2018,20
8306,Mexico,2018,530
8307,Nicaragua,2018,20
8308,Panama,2018,10
8401,Anguilla,2018,0
8402,Antigua/Barbuda,2018,0
8403,Aruba,2018,0
8404,Bahamas,2018,10
8405,Barbados,2018,0
8406,Cayman Islands,2018,0
8407,Cuba,2018,20
8408,Dominica,2018,0
8411,Dominican Rep,2018,10
8412,Grenada,2018,0
8413,Guadeloupe,2018,0
8414,Haiti,2018,0
8415,Jamaica,2018,20
8416,Martinique,2018,0
8417,Montserrat,2018,0
8421,Puerto Rico,2018,-10
8422,St Kitts/Nevis,2018,0
8423,St Lucia,2018,0
8424,St Vinc/Grenad,2018,0
8425,Trinidad/Tobago,2018,20
8426,Turks/Caicos Is,2018,0
8427,"Virgin Is, Brit",2018,0
8428,"Virgin Is, US",2018,10
8431,St Barthelemy,2018,0
8432,St Martin (Fr),2018,0
8433,Bonaire/SE/Saba,2018,0
8434,Curacao,2018,0
8435,Sint Maarten Dp,2018,0
9101,Benin,2018,10
9102,Burkina Faso,2018,0
9103,Cameroon,2018,40
9104,Cabo Verde,2018,0
9105,Central African Rep.,2018,60
9106,Chad,2018,20
9107,Congo,2018,30
9108,Dem. Rep. Congo,2018,1480
9111,Cote d'Ivoire,2018,10
9112,Equator Guinea,2018,0
9113,Gabon,2018,0
9114,Gambia,2018,0
9115,Ghana,2018,340
9116,Guinea,2018,30
9117,Guinea-Bissau,2018,0
9118,Liberia,2018,20
9121,Mali,2018,0
9122,Mauritania,2018,0
9123,Niger,2018,10
9124,Nigeria,2018,990
9125,Sao Tome/Princ,2018,0
9126,Senegal,2018,10
9127,Sierra Leone,2018,30
9128,Togo,2018,0
9201,Angola,2018,10
9202,Botswana,2018,80
9203,Burundi,2018,320
9204,Comoros,2018,0
9205,Djibouti,2018,0
9206,Eritrea,2018,300
9207,Ethiopia,2018,600
9208,Kenya,2018,1300
9211,Lesotho,2018,0
9212,Madagascar,2018,20
9213,Malawi,2018,130
9214,Mauritius,2018,450
9215,Mayotte,2018,0
9216,Mozambique,2018,30
9217,Namibia,2018,70
9218,Reunion,2018,10
9221,Rwanda,2018,100
9222,St Helena,2018,0
9223,Seychelles,2018,10
9224,Somalia,2018,100
9225,South Africa,2018,5990
9226,Eswatini,2018,10
9227,Tanzania,2018,250
9228,Uganda,2018,160
9231,Zambia,2018,80
9232,Zimbabwe,2018,1130
9299,"S & E Afr, nec",2018,0
0000,Inadequately Described,2018,0
1101,Australia,2019,18060
1102,Norfolk Island,2019,0
1199,"Aust E T, nec",2019,0
1201,New Zealand,2019,-360
1301,New Caledonia,2019,10
1302,PNG,2019,630
1303,Solomon Islands,2019,300
1304,Vanuatu,2019,2450
1401,Guam,2019,10
1402,Kiribati,2019,100
1403,Marshall Is,2019,0
1404,"Micronesia, F S",2019,0
1405,Nauru,2019,50
1406,N Mariana Is,2019,0
1407,Palau,2019,0
1501,Cook Islands,2019,40
1502,Fiji,2019,2210
1503,French Poly,2019,10
1504,Niue,2019,10
1505,Samoa,2019,1340
1506,Samoa American,2019,20
1507,Tokelau,2019,-10
1508,Tonga,2019,2430
1511,Tuvalu,2019,40
1512,Wallis/Futuna,2019,0
1513,Pitcairn Is,2019,0
1599,"Polynesia, nec",2019,0
1601,Adelie Land,2019,0
1602,Argentinian A T,2019,0
1603,Australian A T,2019,0
1604,British A T,2019,0
1605,Chilean A T,2019,0
1606,Queen Maud Land,2019,0
1607,Ross Dependency,2019,0
2100,United Kingdom,2019,10670
2201,Ireland,2019,1260
2301,Austria,2019,60
2302,Belgium,2019,350
2303,France,2019,1980
2304,Germany,2019,1170
2305,Liechtenstein,2019,0
2306,Luxembourg,2019,10
2307,Monaco,2019,10
2308,Netherlands,2019,500
2311,Switzerland,2019,140
2401,Denmark,2019,100
2402,Faroe Islands,2019,0
2403,Finland,2019,30
2404,Greenland,2019,0
2405,Iceland,2019,20
2406,Norway,2019,0
2407,Sweden,2019,30
2408,Aland Islands,2019,0
3101,Andorra,2019,0
3102,Gibraltar,2019,0
3103,Holy See,2019,0
3104,Italy,2019,1110
3105,Malta,2019,20
3106,Portugal,2019,90
3107,San Marino,2019,0
3108,Spain,2019,950
3201,Albania,2019,100
3202,Bosnia/Herzegov,2019,40
3203,Bulgaria,2019,50
3204,Croatia,2019,100
3205,Cyprus,2019,20
3206,North Macedonia,2019,-470
3207,Greece,2019,100
3208,Moldova,2019,50
3211,Romania,2019,180
3212,Slovenia,2019,10
3214,Montenegro,2019,10
3215,Serbia,2019,150
3216,Kosovo,2019,20
3301,Belarus,2019,90
3302,Czechia,2019,20
3303,Estonia,2019,10
3304,Hungary,2019,60
3305,Latvia,2019,70
3306,Lithuania,2019,40
3307,Poland,2019,340
3308,Russia,2019,860
3311,Slovakia,2019,-20
3312,Ukraine,2019,340
4101,Algeria,2019,50
4102,Egypt,2019,1110
4103,Libya,2019,20
4104,Morocco,2019,140
4105,Sudan,2019,70
4106,Tunisia,2019,40
4107,Western Sahara,2019,0
4108,Sp North Africa,2019,0
4111,S. Sudan,2019,20
4201,Bahrain,2019,70
4202,Gaza Str/W Bank,2019,0
4203,Iran,2019,3020
4204,Iraq,2019,6420
4205,Israel,2019,470
4206,Jordan,2019,370
4207,Kuwait,2019,110
4208,Lebanon,2019,1750
4211,Oman,2019,-330
4212,Qatar,2019,170
4213,Saudi Arabia,2019,-300
4214,Syria,2019,940
4215,Turkey,2019,970
4216,Unit Arab Emir,2019,790
4217,Yemen,2019,50
5101,Myanmar,2019,1750
5102,Cambodia,2019,1260
5103,Laos,2019,230
5104,Thailand,2019,1670
5105,Vietnam,2019,7470
5201,Brunei,2019,0
5202,Indonesia,2019,3550
5203,Malaysia,2019,1520
5204,Philippines,2019,15350
5205,Singapore,2019,-1380
5206,Timor-Leste,2019,1210
6101,China,2019,-18590
6102,Hong Kong,2019,3050
6103,Macau,2019,-80
6104,Mongolia,2019,420
6105,Taiwan,2019,-3970
6201,Japan,2019,-1980
6202,"Korea, North",2019,-30
6203,"Korea, South",2019,-4330
7101,Bangladesh,2019,2660
7102,Bhutan,2019,1950
7103,India,2019,59810
7104,Maldives,2019,70
7105,Nepal,2019,13340
7106,Pakistan,2019,5600
7107,Sri Lanka,2019,6960
7201,Afghanistan,2019,3070
7202,Armenia,2019,20
7203,Azerbaijan,2019,0
7204,Georgia,2019,20
7205,Kazakhstan,2019,110
7206,Kyrgyzstan,2019,30
7207,Tajikistan,2019,10
7208,Turkmenistan,2019,10
7211,Uzbekistan,2019,80
8101,Bermuda,2019,10
8102,Canada,2019,860
8103,St Pierre/Mique,2019,0
8104,United States of America,2019,1870
8201,Argentina,2019,2600
8202,Bolivia,2019,50
8203,Brazil,2019,1790
8204,Chile,2019,1300
8205,Colombia,2019,4650
8206,Ecuador,2019,150
8207,Falkland Is,2019,0
8208,French Guiana,2019,0
8211,Guyana,2019,0
8212,Paraguay,2019,20
8213,Peru,2019,560
8214,Suriname,2019,0
8215,Uruguay,2019,90
8216,Venezuela,2019,290
8299,"S America, nec",2019,0
8301,Belize,2019,0
8302,Costa Rica,2019,10
8303,El Salvador,2019,100
8304,Guatemala,2019,30
8305,Honduras,2019,40
8306,Mexico,2019,340
8307,Nicaragua,2019,10
8308,Panama,2019,30
8401,Anguilla,2019,0
8402,Antigua/Barbuda,2019,0
8403,Aruba,2019,0
8404,Bahamas,2019,0
8405,Barbados,2019,10
8406,Cayman Islands,2019,10
8407,Cuba,2019,40
8408,Dominica,2019,0
8411,Dominican Rep,2019,10
8412,Grenada,2019,0
8413,Guadeloupe,2019,0
8414,Haiti,2019,10
8415,Jamaica,2019,10
8416,Martinique,2019,0
8417,Montserrat,2019,0
8421,Puerto Rico,2019,0
8422,St Kitts/Nevis,2019,0
8423,St Lucia,2019,0
8424,St Vinc/Grenad,2019,10
8425,Trinidad/Tobago,2019,40
8426,Turks/Caicos Is,2019,0
8427,"Virgin Is, Brit",2019,0
8428,"Virgin Is, US",2019,0
8431,St Barthelemy,2019,0
8432,St Martin (Fr),2019,0
8433,Bonaire/SE/Saba,2019,0
8434,Curacao,2019,0
8435,Sint Maarten Dp,2019,0
9101,Benin,2019,0
9102,Burkina Faso,2019,10
9103,Cameroon,2019,40
9104,Cabo Verde,2019,10
9105,Central African Rep.,2019,80
9106,Chad,2019,30
9107,Congo,2019,40
9108,Dem. Rep. Congo,2019,680
9111,Cote d'Ivoire,2019,30
9112,Equator Guinea,2019,0
9113,Gabon,2019,0
9114,Gambia,2019,0
9115,Ghana,2019,230
9116,Guinea,2019,10
9117,Guinea-Bissau,2019,0
9118,Liberia,2019,0
9121,Mali,2019,0
9122,Mauritania,2019,0
9123,Niger,2019,0
9124,Nigeria,2019,870
9125,Sao Tome/Princ,2019,0
9126,Senegal,2019,10
9127,Sierra Leone,2019,20
9128,Togo,2019,0
9201,Angola,2019,10
9202,Botswana,2019,60
9203,Burundi,2019,200
9204,Comoros,2019,0
9205,Djibouti,2019,0
9206,Eritrea,2019,450
9207,Ethiopia,2019,600
9208,Kenya,2019,970
9211,Lesotho,2019,10
9212,Madagascar,2019,10
9213,Malawi,2019,40
9214,Mauritius,2019,400
9215,Mayotte,2019,0
9216,Mozambique,2019,10
9217,Namibia,2019,80
9218,Reunion,2019,10
9221,Rwanda,2019,50
9222,St Helena,2019,0
9223,Seychelles,2019,-10
9224,Somalia,2019,-30
9225,South Africa,2019,6380
9226,Eswatini,2019,0
9227,Tanzania,2019,170
9228,Uganda,2019,210
9231,Zambia,2019,170
9232,Zimbabwe,2019,1100
9299,"S & E Afr, nec",2019,0
0000,Inadequately Described,2019,0
1101,Australia,2021,-14160
1102,Norfolk Island,2021,0
1199,"Aust E T, nec",2021,0
1201,New Zealand,2021,4910
1301,New Caledonia,2021,30
1302,PNG,2021,430
1303,Solomon Islands,2021,1430
1304,Vanuatu,2021,2030
1401,Guam,2021,0
1402,Kiribati,2021,140
1403,Marshall Is,2021,0
1404,"Micronesia, F S",2021,0
1405,Nauru,2021,10
1406,N Mariana Is,2021,0
1407,Palau,2021,0
1501,Cook Islands,2021,20
1502,Fiji,2021,2100
1503,French Poly,2021,0
1504,Niue,2021,10
1505,Samoa,2021,2830
1506,Samoa American,2021,0
1507,Tokelau,2021,10
1508,Tonga,2021,1120
1511,Tuvalu,2021,20
1512,Wallis/Futuna,2021,0
1513,Pitcairn Is,2021,0
1599,"Polynesia, nec",2021,0
1601,Adelie Land,2021,0
1602,Argentinian A T,2021,0
1603,Australian A T,2021,0
1604,British A T,2021,0
1605,Chilean A T,2021,0
1606,Queen Maud Land,2021,0
1607,Ross Dependency,2021,0
2100,United Kingdom,2021,920
2201,Ireland,2021,-510
2301,Austria,2021,-40
2302,Belgium,2021,-120
2303,France,2021,-1570
2304,Germany,2021,-560
2305,Liechtenstein,2021,0
2306,Luxembourg,2021,0
2307,Monaco,2021,0
2308,Netherlands,2021,-330
2311,Switzerland,2021,20
2401,Denmark,2021,-60
2402,Faroe Islands,2021,0
2403,Finland,2021,-70
2404,Greenland,2021,0
2405,Iceland,2021,0
2406,Norway,2021,60
2407,Sweden,2021,-180
2408,Aland Islands,2021,0
3101,Andorra,2021,0
3102,Gibraltar,2021,0
3103,Holy See,2021,0
3104,Italy,2021,-780
3105,Malta,2021,-30
3106,Portugal,2021,-90
3107,San Marino,2021,0
3108,Spain,2021,-420
3201,Albania,2021,0
3202,Bosnia/Herzegov,2021,-320
3203,Bulgaria,2021,-90
3204,Croatia,2021,-360
3205,Cyprus,2021,-70
3206,North Macedonia,2021,-10
3207,Greece,2021,-540
3208,Moldova,2021,20
3211,Romania,2021,-110
3212,Slovenia,2021,-50
3214,Montenegro,2021,0
3215,Serbia,2021,-240
3216,Kosovo,2021,0
3301,Belarus,2021,50
3302,Czechia,2021,-80
3303,Estonia,2021,-60
3304,Hungary,2021,10
3305,Latvia,2021,20
3306,Lithuania,2021,70
3307,Poland,2021,-130
3308,Russia,2021,550
3311,Slovakia,2021,-50
3312,Ukraine,2021,2420
4101,Algeria,2021,-10
4102,Egypt,2021,730
4103,Libya,2021,-30
4104,Morocco,2021,20
4105,Sudan,2021,30
4106,Tunisia,2021,20
4107,Western Sahara,2021,0
4108,Sp North Africa,2021,0
4111,S. Sudan,2021,60
4201,Bahrain,2021,90
4202,Gaza Str/W Bank,2021,0
4203,Iran,2021,3190
4204,Iraq,2021,3330
4205,Israel,2021,-190
4206,Jordan,2021,230
4207,Kuwait,2021,370
4208,Lebanon,2021,1400
4211,Oman,2021,100
4212,Qatar,2021,170
4213,Saudi Arabia,2021,250
4214,Syria,2021,1100
4215,Turkey,2021,60
4216,Unit Arab Emir,2021,970
4217,Yemen,2021,60
5101,Myanmar,2021,1320
5102,Cambodia,2021,1300
5103,Laos,2021,210
5104,Thailand,2021,6080
5105,Vietnam,2021,6550
5201,Brunei,2021,150
5202,Indonesia,2021,4090
5203,Malaysia,2021,2300
5204,Philippines,2021,11570
5205,Singapore,2021,2320
5206,Timor-Leste,2021,60
6101,China,2021,15150
6102,Hong Kong,2021,8040
6103,Macau,2021,200
6104,Mongolia,2021,310
6105,Taiwan,2021,2050
6201,Japan,2021,1170
6202,"Korea, North",2021,-30
6203,"Korea, South",2021,370
7101,Bangladesh,2021,2680
7102,Bhutan,2021,1580
7103,India,2021,38130
7104,Maldives,2021,20
7105,Nepal,2021,20170
7106,Pakistan,2021,6430
7107,Sri Lanka,2021,5380
7201,Afghanistan,2021,8050
7202,Armenia,2021,20
7203,Azerbaijan,2021,20
7204,Georgia,2021,20
7205,Kazakhstan,2021,120
7206,Kyrgyzstan,2021,10
7207,Tajikistan,2021,10
7208,Turkmenistan,2021,10
7211,Uzbekistan,2021,40
8101,Bermuda,2021,10
8102,Canada,2021,110
8103,St Pierre/Mique,2021,0
8104,United States of America,2021,-920
8201,Argentina,2021,290
8202,Bolivia,2021,20
8203,Brazil,2021,2000
8204,Chile,2021,600
8205,Colombia,2021,630
8206,Ecuador,2021,40
8207,Falkland Is,2021,0
8208,French Guiana,2021,0
8211,Guyana,2021,0
8212,Paraguay,2021,30
8213,Peru,2021,160
8214,Suriname,2021,0
8215,Uruguay,2021,50
8216,Venezuela,2021,10
8299,"S America, nec",2021,0
8301,Belize,2021,0
8302,Costa Rica,2021,20
8303,El Salvador,2021,20
8304,Guatemala,2021,50
8305,Honduras,2021,30
8306,Mexico,2021,190
8307,Nicaragua,2021,10
8308,Panama,2021,10
8401,Anguilla,2021,0
8402,Antigua/Barbuda,2021,0
8403,Aruba,2021,0
8404,Bahamas,2021,10
8405,Barbados,2021,0
8406,Cayman Islands,2021,10
8407,Cuba,2021,10
8408,Dominica,2021,0
8411,Dominican Rep,2021,0
8412,Grenada,2021,0
8413,Guadeloupe,2021,0
8414,Haiti,2021,0
8415,Jamaica,2021,20
8416,Martinique,2021,0
8417,Montserrat,2021,0
8421,Puerto Rico,2021,-10
8422,St Kitts/Nevis,2021,0
8423,St Lucia,2021,0
8424,St Vinc/Grenad,2021,0
8425,Trinidad/Tobago,2021,30
8426,Turks/Caicos Is,2021,0
8427,"Virgin Is, Brit",2021,0
8428,"Virgin Is, US",2021,0
8431,St Barthelemy,2021,0
8432,St Martin (Fr),2021,0
8433,Bonaire/SE/Saba,2021,0
8434,Curacao,2021,0
8435,Sint Maarten Dp,2021,0
9101,Benin,2021,0
9102,Burkina Faso,2021,0
9103,Cameroon,2021,30
9104,Cabo Verde,2021,0
9105,Central African Rep.,2021,0
9106,Chad,2021,0
9107,Congo,2021,20
9108,Dem. Rep. Congo,2021,180
9111,Cote d'Ivoire,2021,10
9112,Equator Guinea,2021,0
9113,Gabon,2021,0
9114,Gambia,2021,10
9115,Ghana,2021,390
9116,Guinea,2021,70
9117,Guinea-Bissau,2021,0
9118,Liberia,2021,60
9121,Mali,2021,0
9122,Mauritania,2021,0
9123,Niger,2021,0
9124,Nigeria,2021,1610
9125,Sao Tome/Princ,2021,0
9126,Senegal,2021,10
9127,Sierra Leone,2021,110
9128,Togo,2021,10
9201,Angola,2021,0
9202,Botswana,2021,40
9203,Burundi,2021,60
9204,Comoros,2021,0
9205,Djibouti,2021,0
9206,Eritrea,2021,110
9207,Ethiopia,2021,420
9208,Kenya,2021,1700
9211,Lesotho,2021,0
9212,Madagascar,2021,-10
9213,Malawi,2021,80
9214,Mauritius,2021,430
9215,Mayotte,2021,0
9216,Mozambique,2021,0
9217,Namibia,2021,50
9218,Reunion,2021,-10
9221,Rwanda,2021,30
9222,St Helena,2021,0
9223,Seychelles,2021,20
9224,Somalia,2021,50
9225,South Africa,2021,4520
9226,Eswatini,2021,0
9227,Tanzania,2021,50
9228,Uganda,2021,160
9231,Zambia,2021,210
9232,Zimbabwe,2021,1050
9299,"S & E Afr, nec",2021,0
0000,Inadequately Described,2021,0
